company,profile_path,num_docs
2060.io,analysis/company_profiles/2060_io.json,4
accurascan.com,analysis/company_profiles/accurascan_com.json,9
aicure.com,analysis/company_profiles/aicure_com.json,6
ailabs.tw,analysis/company_profiles/ailabs_tw.json,5
aimbrain.com,analysis/company_profiles/aimbrain_com.json,1
aisles.app,analysis/company_profiles/aisles_app.json,3
allevate.com,analysis/company_profiles/allevate_com.json,1
alwaysai.co,analysis/company_profiles/alwaysai_co.json,36
ampletrails.com,analysis/company_profiles/ampletrails_com.json,13
ams-osram.com,analysis/company_profiles/ams_osram_com.json,1
androvideo.com,analysis/company_profiles/androvideo_com.json,12
apiarys.com,analysis/company_profiles/apiarys_com.json,5
attaininsight.com,analysis/company_profiles/attaininsight_com.json,2
augentic.com,analysis/company_profiles/augentic_com.json,11
awiros.com,analysis/company_profiles/awiros_com.json,9
ayonix.com,analysis/company_profiles/ayonix_com.json,1
barnksfortetech.com,analysis/company_profiles/barnksfortetech_com.json,4
bi.com,analysis/company_profiles/bi_com.json,10
bi2technologies.com,analysis/company_profiles/bi2technologies_com.json,4
bigbear.ai,analysis/company_profiles/bigbear_ai.json,1
bio-metrica.com,analysis/company_profiles/bio_metrica_com.json,5
biometrica.com,analysis/company_profiles/biometrica_com.json,1
biometricvision.com,analysis/company_profiles/biometricvision_com.json,12
bioqube.ai,analysis/company_profiles/bioqube_ai.json,1
birdee.solutions,analysis/company_profiles/birdee_solutions.json,9
churchix.com,analysis/company_profiles/churchix_com.json,24
corporate.glory-global.com,analysis/company_profiles/corporate_glory_global_com.json,42
cortica.com,analysis/company_profiles/cortica_com.json,18
creativetimesolutions.com,analysis/company_profiles/creativetimesolutions_com.json,1
credas.com,analysis/company_profiles/credas_com.json,1
cybercoretech.com,analysis/company_profiles/cybercoretech_com.json,6
cyberextruder.com,analysis/company_profiles/cyberextruder_com.json,3
daltrey.com,analysis/company_profiles/daltrey_com.json,2
dataworksplus.com,analysis/company_profiles/dataworksplus_com.json,51
deepsense.ai,analysis/company_profiles/deepsense_ai.json,1
dpmsys.com,analysis/company_profiles/dpmsys_com.json,30
e3iq.com,analysis/company_profiles/e3iq_com.json,12
easyclocking.com,analysis/company_profiles/easyclocking_com.json,8
elementsolutions.io,analysis/company_profiles/elementsolutions_io.json,6
en.cudo.co.kr,analysis/company_profiles/en_cudo_co_kr.json,14
en.deepblueai.com,analysis/company_profiles/en_deepblueai_com.json,29
en.hisign.com.cn,analysis/company_profiles/en_hisign_com_cn.json,13
en.horizon.ai,analysis/company_profiles/en_horizon_ai.json,38
en.maxvision.com.cn,analysis/company_profiles/en_maxvision_com_cn.json,11
en.minivision.cn,analysis/company_profiles/en_minivision_cn.json,56
en.pnpsecure.com,analysis/company_profiles/en_pnpsecure_com.json,13
en.sjtu.edu.cn,analysis/company_profiles/en_sjtu_edu_cn.json,5
english.easen-electron.com,analysis/company_profiles/english_easen_electron_com.json,61
english.ict.cas.cn,analysis/company_profiles/english_ict_cas_cn.json,1
english.siat.cas.cn,analysis/company_profiles/english_siat_cas_cn.json,21
english.szpu.edu.cn,analysis/company_profiles/english_szpu_edu_cn.json,2
english.taiwanmobile.com,analysis/company_profiles/english_taiwanmobile_com.json,2
eocortex.com,analysis/company_profiles/eocortex_com.json,76
estonetech.com,analysis/company_profiles/estonetech_com.json,1
etunnel.net,analysis/company_profiles/etunnel_net.json,1
examity.com,analysis/company_profiles/examity_com.json,2
face.idrive.com,analysis/company_profiles/face_idrive_com.json,1
face4systems.com,analysis/company_profiles/face4systems_com.json,3
faceguard.co.uk,analysis/company_profiles/faceguard_co_uk.json,1
facia.ai,analysis/company_profiles/facia_ai.json,1
faicetech.com,analysis/company_profiles/faicetech_com.json,17
farfaces.net,analysis/company_profiles/farfaces_net.json,20
fastverify.ai,analysis/company_profiles/fastverify_ai.json,34
fidentity.com,analysis/company_profiles/fidentity_com.json,36
finbraine.com,analysis/company_profiles/finbraine_com.json,1
fincore.com,analysis/company_profiles/fincore_com.json,9
fingercheck.com,analysis/company_profiles/fingercheck_com.json,2
foo.mobi,analysis/company_profiles/foo_mobi.json,1
fortress-identity.com,analysis/company_profiles/fortress_identity_com.json,11
frp.ai,analysis/company_profiles/frp_ai.json,32
fully-verified.com,analysis/company_profiles/fully_verified_com.json,4
getgroup.com,analysis/company_profiles/getgroup_com.json,6
getgroupna.com,analysis/company_profiles/getgroupna_com.json,1
grabango.com,analysis/company_profiles/grabango_com.json,10
grandingworld.com,analysis/company_profiles/grandingworld_com.json,122
homebase-solutions.com,analysis/company_profiles/homebase_solutions_com.json,10
humaniq.com,analysis/company_profiles/humaniq_com.json,3
hummingbirds.ai,analysis/company_profiles/hummingbirds_ai.json,2
hypernetworks.com,analysis/company_profiles/hypernetworks_com.json,33
icomm.vn,analysis/company_profiles/icomm_vn.json,12
idency.com,analysis/company_profiles/idency_com.json,5
identance.com,analysis/company_profiles/identance_com.json,23
identyum.com,analysis/company_profiles/identyum_com.json,1
incode.com,analysis/company_profiles/incode_com.json,1
infocert.digital,analysis/company_profiles/infocert_digital.json,2
innov8tif.com,analysis/company_profiles/innov8tif_com.json,3
intema.ai,analysis/company_profiles/intema_ai.json,1
interbio.id,analysis/company_profiles/interbio_id.json,4
interface.ai,analysis/company_profiles/interface_ai.json,8
intozi.io,analysis/company_profiles/intozi_io.json,2
iomni.ai,analysis/company_profiles/iomni_ai.json,15
iveda.com,analysis/company_profiles/iveda_com.json,3
joyusing.com,analysis/company_profiles/joyusing_com.json,37
kby-ai.com,analysis/company_profiles/kby_ai_com.json,2
keyless.io,analysis/company_profiles/keyless_io.json,55
kloudspot.ai,analysis/company_profiles/kloudspot_ai.json,92
kltechno.com,analysis/company_profiles/kltechno_com.json,20
kriosk.com,analysis/company_profiles/kriosk_com.json,1
kycaid.com,analysis/company_profiles/kycaid_com.json,83
langate.com,analysis/company_profiles/langate_com.json,18
lightvision.ai,analysis/company_profiles/lightvision_ai.json,8
liopa.ai,analysis/company_profiles/liopa_ai.json,1
loginid.io,analysis/company_profiles/loginid_io.json,71
logits.systems,analysis/company_profiles/logits_systems.json,5
madeye.ai,analysis/company_profiles/madeye_ai.json,4
metsakuur.com,analysis/company_profiles/metsakuur_com.json,4
miniai.live,analysis/company_profiles/miniai_live.json,2
minsecurity.com,analysis/company_profiles/minsecurity_com.json,3
mvision.ai,analysis/company_profiles/mvision_ai.json,3
mxface.ai,analysis/company_profiles/mxface_ai.json,75
myidentitypass.com,analysis/company_profiles/myidentitypass_com.json,6
n-sense.us,analysis/company_profiles/n_sense_us.json,1
nialabs.in,analysis/company_profiles/nialabs_in.json,3
nirenbergneuroscience.com,analysis/company_profiles/nirenbergneuroscience_com.json,1
nntc.digital,analysis/company_profiles/nntc_digital.json,5
noblis.org,analysis/company_profiles/noblis_org.json,5
nominder.com,analysis/company_profiles/nominder_com.json,1
ntechlab.com,analysis/company_profiles/ntechlab_com.json,1
omnigarde.com,analysis/company_profiles/omnigarde_com.json,11
ondato.com,analysis/company_profiles/ondato_com.json,2
openbiometrics.org,analysis/company_profiles/openbiometrics_org.json,10
otilumionics.com,analysis/company_profiles/otilumionics_com.json,6
pangiam.com,analysis/company_profiles/pangiam_com.json,1
papillonsystems.com,analysis/company_profiles/papillonsystems_com.json,2
papilon.com.tr,analysis/company_profiles/papilon_com_tr.json,2
passphere.com,analysis/company_profiles/passphere_com.json,2
paybyface.io,analysis/company_profiles/paybyface_io.json,2
pdactive.com,analysis/company_profiles/pdactive_com.json,1
pharmacyid.com.au,analysis/company_profiles/pharmacyid_com_au.json,31
pillohealth.com,analysis/company_profiles/pillohealth_com.json,9
pixlab.io,analysis/company_profiles/pixlab_io.json,40
preciate.me,analysis/company_profiles/preciate_me.json,3
predictmedix.com,analysis/company_profiles/predictmedix_com.json,5
prilyx.com,analysis/company_profiles/prilyx_com.json,9
privateid.com,analysis/company_profiles/privateid_com.json,2
purviewservices.com,analysis/company_profiles/purviewservices_com.json,30
recfaces.com,analysis/company_profiles/recfaces_com.json,1
regulaforensics.com,analysis/company_profiles/regulaforensics_com.json,10
research.sg.panasonic.com,analysis/company_profiles/research_sg_panasonic_com.json,70
saltosystems.com,analysis/company_profiles/saltosystems_com.json,42
samtechinfonet.com,analysis/company_profiles/samtechinfonet_com.json,12
screenchecksaudi.com,analysis/company_profiles/screenchecksaudi_com.json,2
seamfix.com,analysis/company_profiles/seamfix_com.json,2
secure.prm.net.au,analysis/company_profiles/secure_prm_net_au.json,21
securiport.com,analysis/company_profiles/securiport_com.json,1
sensity.ai,analysis/company_profiles/sensity_ai.json,1
seventhsense.ai,analysis/company_profiles/seventhsense_ai.json,17
sightcorp.com,analysis/company_profiles/sightcorp_com.json,1
signdesk.com,analysis/company_profiles/signdesk_com.json,13
smarteyetechnology.com,analysis/company_profiles/smarteyetechnology_com.json,2
smilepay.az,analysis/company_profiles/smilepay_az.json,1
sqr.id,analysis/company_profiles/sqr_id.json,25
stcon.sa,analysis/company_profiles/stcon_sa.json,1
stereovisioninc.com,analysis/company_profiles/stereovisioninc_com.json,2
stonelock.com,analysis/company_profiles/stonelock_com.json,8
stripe.com,analysis/company_profiles/stripe_com.json,62
stytch.com,analysis/company_profiles/stytch_com.json,15
sumsub.com,analysis/company_profiles/sumsub_com.json,8
sunartek.com,analysis/company_profiles/sunartek_com.json,1
suspecttech.com,analysis/company_profiles/suspecttech_com.json,4
svort.io,analysis/company_profiles/svort_io.json,28
swsam.co.uk,analysis/company_profiles/swsam_co_uk.json,17
sz1.com,analysis/company_profiles/sz1_com.json,22
tascent.com,analysis/company_profiles/tascent_com.json,18
tech5.ai,analysis/company_profiles/tech5_ai.json,5
temperaturecheck.com,analysis/company_profiles/temperaturecheck_com.json,5
tevian.ai,analysis/company_profiles/tevian_ai.json,16
thumbsignin.com,analysis/company_profiles/thumbsignin_com.json,28
timewatchindia.com,analysis/company_profiles/timewatchindia_com.json,9
tinkoff-group.com,analysis/company_profiles/tinkoff_group_com.json,4
trinamixsensing.com,analysis/company_profiles/trinamixsensing_com.json,6
trucrowd.tech,analysis/company_profiles/trucrowd_tech.json,26
truststamp.ai,analysis/company_profiles/truststamp_ai.json,20
ulsee.com,analysis/company_profiles/ulsee_com.json,6
uniqul.com,analysis/company_profiles/uniqul_com.json,16
uqudo.com,analysis/company_profiles/uqudo_com.json,5
us.getcubo.com,analysis/company_profiles/us_getcubo_com.json,14
us.papagoinc.com,analysis/company_profiles/us_papagoinc_com.json,4
ux-labs.com,analysis/company_profiles/ux_labs_com.json,3
vaultvision.com,analysis/company_profiles/vaultvision_com.json,2
vbrick.com,analysis/company_profiles/vbrick_com.json,3
veratad.com,analysis/company_profiles/veratad_com.json,2
veriface.eu,analysis/company_profiles/veriface_eu.json,21
verify365.app,analysis/company_profiles/verify365_app.json,3
verigram.ai,analysis/company_profiles/verigram_ai.json,1
veriklick.com,analysis/company_profiles/veriklick_com.json,15
viante.ai,analysis/company_profiles/viante_ai.json,2
videmo.de,analysis/company_profiles/videmo_de.json,14
visagetechnologies.com,analysis/company_profiles/visagetechnologies_com.json,3
visiomatch.com,analysis/company_profiles/visiomatch_com.json,28
vsblty.net,analysis/company_profiles/vsblty_net.json,2
waldophotos.com,analysis/company_profiles/waldophotos_com.json,7
wct-inc.com,analysis/company_profiles/wct_inc_com.json,8
wildfaces.ai,analysis/company_profiles/wildfaces_ai.json,3
withpersona.com,analysis/company_profiles/withpersona_com.json,84
www.1kosmos.com,analysis/company_profiles/www_1kosmos_com.json,4
www.20face.com,analysis/company_profiles/www_20face_com.json,2
www.3m.com,analysis/company_profiles/www_3m_com.json,1
www.a3bc.io,analysis/company_profiles/www_a3bc_io.json,19
www.abbyy.com,analysis/company_profiles/www_abbyy_com.json,56
www.abouttimetech.com,analysis/company_profiles/www_abouttimetech_com.json,30
www.accelrobotics.com,analysis/company_profiles/www_accelrobotics_com.json,11
www.accu-time.com,analysis/company_profiles/www_accu_time_com.json,2
www.achievers.com,analysis/company_profiles/www_achievers_com.json,1
www.activewitness.com,analysis/company_profiles/www_activewitness_com.json,10
www.addistechsolution.com,analysis/company_profiles/www_addistechsolution_com.json,22
www.adityagroup.com,analysis/company_profiles/www_adityagroup_com.json,5
www.affectiva.com,analysis/company_profiles/www_affectiva_com.json,1
www.ai-first.ch,analysis/company_profiles/www_ai_first_ch.json,7
www.aidentity.org,analysis/company_profiles/www_aidentity_org.json,20
www.airopie.com,analysis/company_profiles/www_airopie_com.json,26
www.alluvial.net.au,analysis/company_profiles/www_alluvial_net_au.json,1
www.ambarella.com,analysis/company_profiles/www_ambarella_com.json,2
www.anduril.com,analysis/company_profiles/www_anduril_com.json,4
www.anolytics.ai,analysis/company_profiles/www_anolytics_ai.json,2
www.ariadnext.com,analysis/company_profiles/www_ariadnext_com.json,2
www.assertai.com,analysis/company_profiles/www_assertai_com.json,1
www.asuresoftware.com,analysis/company_profiles/www_asuresoftware_com.json,1
www.au10tix.com,analysis/company_profiles/www_au10tix_com.json,14
www.axxonsoft.com,analysis/company_profiles/www_axxonsoft_com.json,18
www.biocatch.com,analysis/company_profiles/www_biocatch_com.json,109
www.bioid.com,analysis/company_profiles/www_bioid_com.json,21
www.biometricsolution.com,analysis/company_profiles/www_biometricsolution_com.json,41
www.biometricstech.com,analysis/company_profiles/www_biometricstech_com.json,19
www.biometricupdate.com,analysis/company_profiles/www_biometricupdate_com.json,8
www.bitmain.com,analysis/company_profiles/www_bitmain_com.json,1
www.bitventure.co.za,analysis/company_profiles/www_bitventure_co_za.json,2
www.blackbook.ai,analysis/company_profiles/www_blackbook_ai.json,1
www.blaize.com,analysis/company_profiles/www_blaize_com.json,1
www.cccme.cn,analysis/company_profiles/www_cccme_cn.json,1
www.certifyglobal.com,analysis/company_profiles/www_certifyglobal_com.json,20
www.certifyhealth.com,analysis/company_profiles/www_certifyhealth_com.json,4
www.chainway.net,analysis/company_profiles/www_chainway_net.json,3
www.chetu.com,analysis/company_profiles/www_chetu_com.json,65
www.cisco.com,analysis/company_profiles/www_cisco_com.json,70
www.civic.com,analysis/company_profiles/www_civic_com.json,3
www.clarifai.com,analysis/company_profiles/www_clarifai_com.json,7
www.clearme.com,analysis/company_profiles/www_clearme_com.json,15
www.cloudsmart.co.uk,analysis/company_profiles/www_cloudsmart_co_uk.json,7
www.collinsaerospace.com,analysis/company_profiles/www_collinsaerospace_com.json,1
www.comcorp.co.za,analysis/company_profiles/www_comcorp_co_za.json,1
www.corsight.ai,analysis/company_profiles/www_corsight_ai.json,1
www.creative-sols.com,analysis/company_profiles/www_creative_sols_com.json,10
www.crucialtrak.com,analysis/company_profiles/www_crucialtrak_com.json,62
www.cyberlink.com,analysis/company_profiles/www_cyberlink_com.json,1
www.daon.com,analysis/company_profiles/www_daon_com.json,54
www.datasetshop.com,analysis/company_profiles/www_datasetshop_com.json,13
www.datatang.ai,analysis/company_profiles/www_datatang_ai.json,12
www.datavisor.com,analysis/company_profiles/www_datavisor_com.json,2
www.deputy.com,analysis/company_profiles/www_deputy_com.json,114
www.dermalog.com,analysis/company_profiles/www_dermalog_com.json,15
www.dfsme.ae,analysis/company_profiles/www_dfsme_ae.json,1
www.dgworld.com,analysis/company_profiles/www_dgworld_com.json,31
www.digit9tech.com,analysis/company_profiles/www_digit9tech_com.json,10
www.divit.com.tr,analysis/company_profiles/www_divit_com_tr.json,1
www.e-consystems.com,analysis/company_profiles/www_e_consystems_com.json,70
www.ekin.com,analysis/company_profiles/www_ekin_com.json,2
www.elementai.com,analysis/company_profiles/www_elementai_com.json,53
www.elenium.com,analysis/company_profiles/www_elenium_com.json,2
www.embross.com,analysis/company_profiles/www_embross_com.json,2
www.emsphere.com,analysis/company_profiles/www_emsphere_com.json,1
www.enablex.io,analysis/company_profiles/www_enablex_io.json,13
www.enqura.com,analysis/company_profiles/www_enqura_com.json,17
www.entefy.com,analysis/company_profiles/www_entefy_com.json,4
www.enter-face.com,analysis/company_profiles/www_enter_face_com.json,1
www.entrust.com,analysis/company_profiles/www_entrust_com.json,2
www.equal.in,analysis/company_profiles/www_equal_in.json,8
www.esslbiometricmachine.in,analysis/company_profiles/www_esslbiometricmachine_in.json,9
www.euronovategroup.com,analysis/company_profiles/www_euronovategroup_com.json,1
www.everyware.com,analysis/company_profiles/www_everyware_com.json,110
www.evidentid.com,analysis/company_profiles/www_evidentid_com.json,2
www.eyenetwatch.com,analysis/company_profiles/www_eyenetwatch_com.json,10
www.eyesight-tech.com,analysis/company_profiles/www_eyesight_tech_com.json,25
www.eyn.vision,analysis/company_profiles/www_eyn_vision.json,8
www.face-id.co.za,analysis/company_profiles/www_face_id_co_za.json,10
www.face2gene.com,analysis/company_profiles/www_face2gene_com.json,4
www.facehawk.co.uk,analysis/company_profiles/www_facehawk_co_uk.json,2
www.facenote.me,analysis/company_profiles/www_facenote_me.json,18
www.faceplusplus.com,analysis/company_profiles/www_faceplusplus_com.json,6
www.facetrom.com,analysis/company_profiles/www_facetrom_com.json,5
www.facewaretech.com,analysis/company_profiles/www_facewaretech_com.json,23
www.fastenterprises.com,analysis/company_profiles/www_fastenterprises_com.json,5
www.filmetrics.com.ph,analysis/company_profiles/www_filmetrics_com_ph.json,32
www.finnovant.com,analysis/company_profiles/www_finnovant_com.json,1
www.fmetadata.com,analysis/company_profiles/www_fmetadata_com.json,23
www.fobi.ai,analysis/company_profiles/www_fobi_ai.json,174
www.fourthline.com,analysis/company_profiles/www_fourthline_com.json,70
www.gbgplc.com,analysis/company_profiles/www_gbgplc_com.json,168
www.gentex.com,analysis/company_profiles/www_gentex_com.json,35
www.genvis.co,analysis/company_profiles/www_genvis_co.json,11
www.getzippin.com,analysis/company_profiles/www_getzippin_com.json,12
www.gorilla-technology.com,analysis/company_profiles/www_gorilla_technology_com.json,2
www.graymatics.com,analysis/company_profiles/www_graymatics_com.json,1
www.guardforce.com.hk,analysis/company_profiles/www_guardforce_com_hk.json,14
www.hanko.io,analysis/company_profiles/www_hanko_io.json,86
www.herok12.com,analysis/company_profiles/www_herok12_com.json,16
www.hidglobal.com,analysis/company_profiles/www_hidglobal_com.json,95
www.hidohealth.com,analysis/company_profiles/www_hidohealth_com.json,1
www.hirevue.com,analysis/company_profiles/www_hirevue_com.json,1
www.hubino.com,analysis/company_profiles/www_hubino_com.json,13
www.humanrecognitionsystems.com,analysis/company_profiles/www_humanrecognitionsystems_com.json,20
www.hypr.com,analysis/company_profiles/www_hypr_com.json,5
www.hzailysm.com,analysis/company_profiles/www_hzailysm_com.json,4
www.i2vsys.com,analysis/company_profiles/www_i2vsys_com.json,51
www.id-pal.com,analysis/company_profiles/www_id_pal_com.json,2
www.idcentral.io,analysis/company_profiles/www_idcentral_io.json,1
www.ideco.co.za,analysis/company_profiles/www_ideco_co_za.json,191
www.idemia-nss.com,analysis/company_profiles/www_idemia_nss_com.json,3
www.identityautomation.com,analysis/company_profiles/www_identityautomation_com.json,3
www.idnow.io,analysis/company_profiles/www_idnow_io.json,2
www.idsplinfo.in,analysis/company_profiles/www_idsplinfo_in.json,9
www.imperial.ac.uk,analysis/company_profiles/www_imperial_ac_uk.json,6
www.indepthcam.com,analysis/company_profiles/www_indepthcam_com.json,3
www.indivd.com,analysis/company_profiles/www_indivd_com.json,30
www.infrrd.ai,analysis/company_profiles/www_infrrd_ai.json,43
www.injes.com,analysis/company_profiles/www_injes_com.json,37
www.innefu.com,analysis/company_profiles/www_innefu_com.json,34
www.innominds.com,analysis/company_profiles/www_innominds_com.json,103
www.innovative-technology.com,analysis/company_profiles/www_innovative_technology_com.json,17
www.innovatrics.com,analysis/company_profiles/www_innovatrics_com.json,3
www.inreality.com,analysis/company_profiles/www_inreality_com.json,1
www.insightface.ai,analysis/company_profiles/www_insightface_ai.json,14
www.inttelix.com,analysis/company_profiles/www_inttelix_com.json,25
www.invixium.com,analysis/company_profiles/www_invixium_com.json,1
www.iproov.com,analysis/company_profiles/www_iproov_com.json,15
www.ipsidy.com,analysis/company_profiles/www_ipsidy_com.json,24
www.iq.com,analysis/company_profiles/www_iq_com.json,1
www.irisid.com,analysis/company_profiles/www_irisid_com.json,1
www.isityou-online.com,analysis/company_profiles/www_isityou_online_com.json,11
www.ismconnect.com,analysis/company_profiles/www_ismconnect_com.json,18
www.ivideon.com,analysis/company_profiles/www_ivideon_com.json,21
www.iwsinc.com,analysis/company_profiles/www_iwsinc_com.json,1
www.janam.com,analysis/company_profiles/www_janam_com.json,1
www.jcdecaux.com,analysis/company_profiles/www_jcdecaux_com.json,1
www.jiminate.com.cn,analysis/company_profiles/www_jiminate_com_cn.json,53
www.johnsoncontrols.com,analysis/company_profiles/www_johnsoncontrols_com.json,4
www.jumio.com,analysis/company_profiles/www_jumio_com.json,1
www.kairos.com,analysis/company_profiles/www_kairos_com.json,12
www.keepersecurity.com,analysis/company_profiles/www_keepersecurity_com.json,1
www.kinesense-vca.com,analysis/company_profiles/www_kinesense_vca_com.json,1
www.kobil.com,analysis/company_profiles/www_kobil_com.json,47
www.konami.com,analysis/company_profiles/www_konami_com.json,31
www.lapetussolutions.com,analysis/company_profiles/www_lapetussolutions_com.json,1
www.lastpass.com,analysis/company_profiles/www_lastpass_com.json,33
www.leidos.com,analysis/company_profiles/www_leidos_com.json,1
www.lema.ai,analysis/company_profiles/www_lema_ai.json,2
www.lips-hci.com,analysis/company_profiles/www_lips_hci_com.json,26
www.luxand.com,analysis/company_profiles/www_luxand_com.json,15
www.lystface.com,analysis/company_profiles/www_lystface_com.json,44
www.m2sys.com,analysis/company_profiles/www_m2sys_com.json,3
www.madstreetden.com,analysis/company_profiles/www_madstreetden_com.json,5
www.mantratec.com,analysis/company_profiles/www_mantratec_com.json,76
www.mapillary.com,analysis/company_profiles/www_mapillary_com.json,6
www.marinusanalytics.com,analysis/company_profiles/www_marinusanalytics_com.json,1
www.matrixaccesscontrol.com,analysis/company_profiles/www_matrixaccesscontrol_com.json,84
www.matrixcomsec.com,analysis/company_profiles/www_matrixcomsec_com.json,3
www.meerkat.com.br,analysis/company_profiles/www_meerkat_com_br.json,16
www.meiyapico.com,analysis/company_profiles/www_meiyapico_com.json,7
www.melissa.com,analysis/company_profiles/www_melissa_com.json,68
www.miaxis.net,analysis/company_profiles/www_miaxis_net.json,66
www.miteksystems.com,analysis/company_profiles/www_miteksystems_com.json,231
www.mobai.bio,analysis/company_profiles/www_mobai_bio.json,13
www.mukh.com,analysis/company_profiles/www_mukh_com.json,12
www.multivutech.com,analysis/company_profiles/www_multivutech_com.json,2
www.nablaworks.co.jp,analysis/company_profiles/www_nablaworks_co_jp.json,31
www.ncheck.net,analysis/company_profiles/www_ncheck_net.json,15
www.nec.co.nz,analysis/company_profiles/www_nec_co_nz.json,2
www.necam.com,analysis/company_profiles/www_necam_com.json,52
www.necsws.com,analysis/company_profiles/www_necsws_com.json,3
www.neosystemscorp.com,analysis/company_profiles/www_neosystemscorp_com.json,2
www.nexlar.com,analysis/company_profiles/www_nexlar_com.json,16
www.nodeflux.io,analysis/company_profiles/www_nodeflux_io.json,35
www.nuance.com,analysis/company_profiles/www_nuance_com.json,26
www.octi.tv,analysis/company_profiles/www_octi_tv.json,6
www.omnigo.com,analysis/company_profiles/www_omnigo_com.json,141
www.onelogin.com,analysis/company_profiles/www_onelogin_com.json,63
www.onespan.com,analysis/company_profiles/www_onespan_com.json,120
www.onevisage.com,analysis/company_profiles/www_onevisage_com.json,36
www.openbiometricsinitiative.org,analysis/company_profiles/www_openbiometricsinitiative_org.json,4
www.optoprecision.de,analysis/company_profiles/www_optoprecision_de.json,11
www.orcam.com,analysis/company_profiles/www_orcam_com.json,1
www.ozforensics.com,analysis/company_profiles/www_ozforensics_com.json,1
www.paravision.ai,analysis/company_profiles/www_paravision_ai.json,1
www.parsons.com,analysis/company_profiles/www_parsons_com.json,1
www.payxpert.com,analysis/company_profiles/www_payxpert_com.json,1
www.pensees.sg,analysis/company_profiles/www_pensees_sg.json,36
www.photko.com,analysis/company_profiles/www_photko_com.json,16
www.pingidentity.com,analysis/company_profiles/www_pingidentity_com.json,94
www.polyguard.ai,analysis/company_profiles/www_polyguard_ai.json,12
www.princetonidentity.com,analysis/company_profiles/www_princetonidentity_com.json,2
www.prioxis.com,analysis/company_profiles/www_prioxis_com.json,275
www.pxl-vision.com,analysis/company_profiles/www_pxl_vision_com.json,4
www.qazsmartvision.ai,analysis/company_profiles/www_qazsmartvision_ai.json,1
www.qnap.com,analysis/company_profiles/www_qnap_com.json,4
www.quantasoft.com,analysis/company_profiles/www_quantasoft_com.json,12
www.quantifiedcommunications.com,analysis/company_profiles/www_quantifiedcommunications_com.json,8
www.ramco.com,analysis/company_profiles/www_ramco_com.json,99
www.ravirajtech.com,analysis/company_profiles/www_ravirajtech_com.json,93
www.rayabin.com,analysis/company_profiles/www_rayabin_com.json,10
www.realeyesit.com,analysis/company_profiles/www_realeyesit_com.json,3
www.remarkholdings.com,analysis/company_profiles/www_remarkholdings_com.json,14
www.revealmedia.com,analysis/company_profiles/www_revealmedia_com.json,37
www.robotemi.com,analysis/company_profiles/www_robotemi_com.json,2
www.saffe.co,analysis/company_profiles/www_saffe_co.json,1
www.salarium.com,analysis/company_profiles/www_salarium_com.json,2
www.scylla.ai,analysis/company_profiles/www_scylla_ai.json,135
www.secureye.com,analysis/company_profiles/www_secureye_com.json,3
www.sekureid.com,analysis/company_profiles/www_sekureid_com.json,63
www.sensory.com,analysis/company_profiles/www_sensory_com.json,3
www.sighthound.com,analysis/company_profiles/www_sighthound_com.json,20
www.signicat.com,analysis/company_profiles/www_signicat_com.json,74
www.singlewire.com,analysis/company_profiles/www_singlewire_com.json,12
www.sita.aero,analysis/company_profiles/www_sita_aero.json,41
www.skntechnology.in,analysis/company_profiles/www_skntechnology_in.json,185
www.smartfeigete.com,analysis/company_profiles/www_smartfeigete_com.json,227
www.smartmetrics.in,analysis/company_profiles/www_smartmetrics_in.json,1
www.smartsearch.com,analysis/company_profiles/www_smartsearch_com.json,204
www.smartvist.com,analysis/company_profiles/www_smartvist_com.json,8
www.smilart.com,analysis/company_profiles/www_smilart_com.json,21
www.smithsdetection.com,analysis/company_profiles/www_smithsdetection_com.json,6
www.soberlink.com,analysis/company_profiles/www_soberlink_com.json,2
www.sodec.com,analysis/company_profiles/www_sodec_com.json,21
www.soloinsight.com,analysis/company_profiles/www_soloinsight_com.json,277
www.sri.com,analysis/company_profiles/www_sri_com.json,1
www.stengg.com,analysis/company_profiles/www_stengg_com.json,26
www.sukshi.com,analysis/company_profiles/www_sukshi_com.json,4
www.supercom.com,analysis/company_profiles/www_supercom_com.json,52
www.surrey.ac.uk,analysis/company_profiles/www_surrey_ac_uk.json,49
www.sutherlandglobal.com,analysis/company_profiles/www_sutherlandglobal_com.json,2
www.syscake.it,analysis/company_profiles/www_syscake_it.json,1
www.systemaidcaribbean.com,analysis/company_profiles/www_systemaidcaribbean_com.json,1
www.sz-tripod.com,analysis/company_profiles/www_sz_tripod_com.json,4
www.t4isb.com,analysis/company_profiles/www_t4isb_com.json,3
www.tacsllc.com,analysis/company_profiles/www_tacsllc_com.json,16
www.tankhapay.com,analysis/company_profiles/www_tankhapay_com.json,14
www.technobravo.com,analysis/company_profiles/www_technobravo_com.json,11
www.techsign.com.tr,analysis/company_profiles/www_techsign_com_tr.json,38
www.telesign.com,analysis/company_profiles/www_telesign_com.json,38
www.telpo.com.cn,analysis/company_profiles/www_telpo_com_cn.json,2
www.tensormark.com,analysis/company_profiles/www_tensormark_com.json,18
www.thalesgroup.com,analysis/company_profiles/www_thalesgroup_com.json,4
www.thirdfort.com,analysis/company_profiles/www_thirdfort_com.json,59
www.tigeritusa.com,analysis/company_profiles/www_tigeritusa_com.json,1
www.tnitech.co,analysis/company_profiles/www_tnitech_co.json,1
www.trac-tech.co.za,analysis/company_profiles/www_trac_tech_co_za.json,17
www.transunion.com,analysis/company_profiles/www_transunion_com.json,138
www.travizory.com,analysis/company_profiles/www_travizory_com.json,1
www.trialkit.ai,analysis/company_profiles/www_trialkit_ai.json,16
www.trueface.ai,analysis/company_profiles/www_trueface_ai.json,22
www.trueid.co.za,analysis/company_profiles/www_trueid_co_za.json,3
www.truekey.com,analysis/company_profiles/www_truekey_com.json,8
www.ttigroup.com,analysis/company_profiles/www_ttigroup_com.json,2
www.tuya.com,analysis/company_profiles/www_tuya_com.json,14
www.udentify.co,analysis/company_profiles/www_udentify_co.json,1
www.uniken.com,analysis/company_profiles/www_uniken_com.json,39
www.utstar.com,analysis/company_profiles/www_utstar_com.json,65
www.vaultid.com,analysis/company_profiles/www_vaultid_com.json,1
www.veowork.com,analysis/company_profiles/www_veowork_com.json,18
www.veriff.com,analysis/company_profiles/www_veriff_com.json,3
www.verifyme.com,analysis/company_profiles/www_verifyme_com.json,3
www.verint.com,analysis/company_profiles/www_verint_com.json,49
www.veritone.com,analysis/company_profiles/www_veritone_com.json,2
www.verkada.com,analysis/company_profiles/www_verkada_com.json,92
www.viatech.com,analysis/company_profiles/www_viatech_com.json,1
www.videonetics.com,analysis/company_profiles/www_videonetics_com.json,3
www.vinai.io,analysis/company_profiles/www_vinai_io.json,1
www.vintra.io,analysis/company_profiles/www_vintra_io.json,2
www.visidon.fi,analysis/company_profiles/www_visidon_fi.json,6
www.visionlabs.ai,analysis/company_profiles/www_visionlabs_ai.json,10
www.vouched.id,analysis/company_profiles/www_vouched_id.json,1
www.vuzix.com,analysis/company_profiles/www_vuzix_com.json,5
www.whoo.ai,analysis/company_profiles/www_whoo_ai.json,25
www.whoyou.co.za,analysis/company_profiles/www_whoyou_co_za.json,2
www.wicketsoft.com,analysis/company_profiles/www_wicketsoft_com.json,1
www.wink.cloud,analysis/company_profiles/www_wink_cloud.json,12
www.x-infotech.com,analysis/company_profiles/www_x_infotech_com.json,27
www.ximilar.com,analysis/company_profiles/www_ximilar_com.json,3
www.yoti.com,analysis/company_profiles/www_yoti_com.json,1
www.youverse.id,analysis/company_profiles/www_youverse_id.json,9
www.yuan.com.tw,analysis/company_profiles/www_yuan_com_tw.json,15
www.zerone-consulting.com,analysis/company_profiles/www_zerone_consulting_com.json,21
www.zerotech.com,analysis/company_profiles/www_zerotech_com.json,2
www.zoloz.com,analysis/company_profiles/www_zoloz_com.json,10
xjeralabs.com,analysis/company_profiles/xjeralabs_com.json,16
xydus.com,analysis/company_profiles/xydus_com.json,20
zeroeyes.com,analysis/company_profiles/zeroeyes_com.json,29
zorroa.com,analysis/company_profiles/zorroa_com.json,9
